{"epochs":{"0":1,"1":2,"2":3,"3":4,"4":5,"5":6,"6":7,"7":8,"8":9,"9":10,"10":11,"11":12,"12":13,"13":14,"14":15,"15":16,"16":17,"17":18,"18":19,"19":20,"20":21,"21":22,"22":23,"23":24,"24":25,"25":26,"26":27,"27":28,"28":29,"29":30,"30":31,"31":32,"32":33,"33":34,"34":35,"35":36,"36":37,"37":38,"38":39,"39":40,"40":41,"41":42,"42":43,"43":44,"44":45,"45":46,"46":47,"47":48,"48":49,"49":50,"50":51,"51":52,"52":53,"53":54,"54":55,"55":56,"56":57,"57":58,"58":59,"59":60,"60":61,"61":62,"62":63,"63":64,"64":65,"65":66,"66":67,"67":68,"68":69,"69":70,"70":71,"71":72,"72":73,"73":74,"74":75,"75":76,"76":77,"77":78,"78":79,"79":80,"80":81,"81":82,"82":83,"83":84,"84":85,"85":86,"86":87,"87":88,"88":89,"89":90},"loss":{"0":31.9629573822,"1":21.4544506073,"2":17.9385089874,"3":15.6097183228,"4":13.9032974243,"5":12.6356859207,"6":11.6965847015,"7":10.942899704,"8":10.2934007645,"9":9.7720270157,"10":9.3419370651,"11":8.9354772568,"12":8.6188135147,"13":8.3375644684,"14":8.0761070251,"15":7.855966568,"16":7.6631093025,"17":7.4966139793,"18":7.3356409073,"19":7.2050919533,"20":7.0902252197,"21":6.9917674065,"22":6.8772726059,"23":6.7774949074,"24":6.7098965645,"25":6.6340723038,"26":6.5378727913,"27":10.527841568,"28":7.8378829956,"29":7.0950856209,"30":6.8407826424,"31":6.6959695816,"32":6.5891213417,"33":6.4958968163,"34":6.4282331467,"35":6.3669333458,"36":6.3108844757,"37":6.2858047485,"38":6.2493185997,"39":6.219379425,"40":6.1736774445,"41":6.155465126,"42":6.1220083237,"43":6.0932793617,"44":6.0449318886,"45":6.027264595,"46":6.0299701691,"47":6.005543232,"48":5.9959073067,"49":5.9675974846,"50":5.9563102722,"51":5.9121947289,"52":5.9313569069,"53":5.9080023766,"54":5.8966169357,"55":5.8946127892,"56":5.8972640038,"57":5.8670301437,"58":5.8780660629,"59":5.8466558456,"60":5.8538961411,"61":5.8573846817,"62":5.8538608551,"63":5.8196072578,"64":5.8285727501,"65":5.7959160805,"66":5.7970933914,"67":5.7892746925,"68":5.8042492867,"69":5.7804584503,"70":5.7786221504,"71":5.7773222923,"72":5.7816329002,"73":5.77607584,"74":5.7826104164,"75":5.7539067268,"76":5.7725329399,"77":5.7940888405,"78":5.7536730766,"79":5.7728066444,"80":5.7444667816,"81":5.7558174133,"82":5.7764396667,"83":5.7748999596,"84":5.7620639801,"85":5.7745246887,"86":5.7710394859,"87":5.7724905014,"88":5.7658481598,"89":5.7880144119},"val_loss":{"0":22.0701828003,"1":17.8047389984,"2":15.2000904083,"3":13.6303501129,"4":12.2861022949,"5":11.4128513336,"6":10.7357749939,"7":10.1628303528,"8":9.763212204,"9":9.3904247284,"10":9.2214107513,"11":8.8955526352,"12":8.6848802567,"13":8.5037183762,"14":8.3682165146,"15":8.2839269638,"16":8.1720571518,"17":8.0110197067,"18":7.9564146996,"19":7.8611898422,"20":7.8035101891,"21":7.7304902077,"22":7.6583228111,"23":7.626019001,"24":7.5821218491,"25":7.5355758667,"26":7.5630898476,"27":9.4636363983,"28":8.1281919479,"29":7.9232368469,"30":7.8131246567,"31":7.7400798798,"32":7.6831355095,"33":7.6211438179,"34":7.5973424911,"35":7.5697650909,"36":7.5346207619,"37":7.5136618614,"38":7.4935574532,"39":7.4756422043,"40":7.4639678001,"41":7.445734024,"42":7.4342198372,"43":7.4249539375,"44":7.4200673103,"45":7.4071998596,"46":7.4161300659,"47":7.3961057663,"48":7.3807368279,"49":7.3801817894,"50":7.367483139,"51":7.3611841202,"52":7.3583550453,"53":7.3499889374,"54":7.3374323845,"55":7.3315649033,"56":7.3267045021,"57":7.3159294128,"58":7.3118686676,"59":7.3045330048,"60":7.3081879616,"61":7.2995624542,"62":7.2834305763,"63":7.2899346352,"64":7.2722921371,"65":7.2825694084,"66":7.2756538391,"67":7.2719883919,"68":7.271625042,"69":7.2650122643,"70":7.2613763809,"71":7.2580947876,"72":7.2598209381,"73":7.256444931,"74":7.2571020126,"75":7.257361412,"76":7.2548694611,"77":7.2546901703,"78":7.2563076019,"79":7.2526717186,"80":7.2525949478,"81":7.2519555092,"82":7.2489614487,"83":7.2522759438,"84":7.2534313202,"85":7.2506022453,"86":7.2490148544,"87":7.2515010834,"88":7.2490506172,"89":7.2470245361}}