{"epochs":{"0":1,"1":2,"2":3,"3":4,"4":5,"5":6,"6":7,"7":8,"8":9,"9":10,"10":11,"11":12,"12":13,"13":14,"14":15,"15":16,"16":17,"17":18,"18":19,"19":20,"20":21,"21":22,"22":23,"23":24,"24":25,"25":26,"26":27,"27":28,"28":29,"29":30,"30":31,"31":32,"32":33,"33":34,"34":35,"35":36,"36":37,"37":38,"38":39,"39":40,"40":41,"41":42,"42":43,"43":44,"44":45,"45":46,"46":47,"47":48,"48":49,"49":50,"50":51,"51":52,"52":53,"53":54,"54":55,"55":56,"56":57,"57":58,"58":59,"59":60,"60":61,"61":62,"62":63,"63":64,"64":65,"65":66,"66":67,"67":68,"68":69,"69":70,"70":71,"71":72,"72":73,"73":74,"74":75,"75":76,"76":77,"77":78,"78":79,"79":80,"80":81,"81":82,"82":83,"83":84,"84":85,"85":86,"86":87,"87":88,"88":89,"89":90},"Recall@5":{"0":0.227626573,"1":0.2576419374,"2":0.2735574578,"3":0.2839722954,"4":0.2924068384,"5":0.3002438786,"6":0.304459321,"7":0.3086564725,"8":0.3099380548,"9":0.3124000098,"10":0.3155509219,"11":0.3182969954,"12":0.3193883524,"13":0.3210064872,"14":0.3224843918,"15":0.3243768901,"16":0.3259486879,"17":0.3283508926,"18":0.3286337918,"19":0.3310713589,"20":0.3320017559,"21":0.3316956882,"22":0.3341673983,"23":0.3347734367,"24":0.3346356453,"25":0.3358623549,"26":0.3366683738,"27":0.3379060579,"28":0.3383499171,"29":0.3377475368,"30":0.3383462589,"31":0.3395266315,"32":0.3396741781,"33":0.3397375866,"34":0.3386828114,"35":0.3409752707,"36":0.3399253731,"37":0.340275339,"38":0.3411215979,"39":0.3411825676,"40":0.3406070139,"41":0.3427299776,"42":0.3416081358,"43":0.3400656034,"44":0.3426312067,"45":0.3409301532,"46":0.3415557019,"47":0.342176373,"48":0.3419422495,"49":0.342656814,"50":0.3425031704,"51":0.3436628134,"52":0.3428580139,"53":0.3420141937,"54":0.3420251683,"55":0.3433152863,"56":0.342908009,"57":0.3431092089,"58":0.3424982928,"59":0.3425568237,"60":0.3430458004,"61":0.3426531558,"62":0.3429214223,"63":0.3432750463,"64":0.3435542874,"65":0.3436579358,"66":0.3434628329,"67":0.3426348649,"68":0.3430275095,"69":0.3426702273,"70":0.3429921471,"71":0.3429958053,"72":0.343364062,"73":0.3428287484,"74":0.343118964,"75":0.3421556434,"76":0.3423239196,"77":0.3432055409,"78":0.3431494488,"79":0.3426872988,"80":0.342154424,"81":0.3421239391,"82":0.3424982928,"83":0.3426482782,"84":0.3419434689,"85":0.3421910058,"86":0.3423873281,"87":0.3420751634,"88":0.3425946249,"89":0.34226295},"Recall@20":{"0":0.2972726665,"1":0.3283959179,"2":0.3412170323,"3":0.3516178711,"4":0.3582511636,"5":0.3659360385,"6":0.3702063112,"7":0.3738508493,"8":0.3764708429,"9":0.3792355354,"10":0.3823909534,"11":0.385171575,"12":0.3866058514,"13":0.3884421645,"14":0.3886548151,"15":0.3924153,"16":0.3922793731,"17":0.3942262244,"18":0.3954709928,"19":0.3956969823,"20":0.397082389,"21":0.3977158833,"22":0.3988908568,"23":0.3995264138,"24":0.4007171831,"25":0.4026910314,"26":0.4019587527,"27":0.402522121,"28":0.4033631898,"29":0.4035877443,"30":0.4030835038,"31":0.4046316429,"32":0.4061956178,"33":0.4053380409,"34":0.4055967516,"35":0.4065369317,"36":0.4071229492,"37":0.4071445432,"38":0.4075941292,"39":0.4091193517,"40":0.4092160578,"41":0.408448454,"42":0.4081733678,"43":0.4090255918,"44":0.4113750393,"45":0.4100542725,"46":0.4104249003,"47":0.4110306425,"48":0.4099292298,"49":0.4105872737,"50":0.4111171762,"51":0.4115853384,"52":0.4113607013,"53":0.4118890644,"54":0.4113775631,"55":0.4119829367,"56":0.411819621,"57":0.4114968964,"58":0.4119935273,"59":0.4118733933,"60":0.4121064241,"61":0.4120730754,"62":0.4120131583,"63":0.4124460399,"64":0.4121099146,"65":0.4126728805,"66":0.41246583,"67":0.412357421,"68":0.4122625875,"69":0.4121428823,"70":0.4127204957,"71":0.4129597324,"72":0.4125068051,"73":0.4128094125,"74":0.4126453583,"75":0.4127869222,"76":0.4123895334,"77":0.4132381674,"78":0.4129408723,"79":0.4119664938,"80":0.4129319205,"81":0.41214647,"82":0.4122907155,"83":0.4126596555,"84":0.412239909,"85":0.4123957558,"86":0.4117314499,"87":0.4125504562,"88":0.4129155377,"89":0.41221316},"custom_Recall@20":{"0":0.2713962932,"1":0.2994525767,"2":0.3108798359,"3":0.320236472,"4":0.3259892803,"5":0.3330246473,"6":0.336886054,"7":0.3401667307,"8":0.3422901138,"9":0.3447913161,"10":0.347400715,"11":0.3499218528,"12":0.3515078124,"13":0.3529544303,"14":0.3531667586,"15":0.3567371567,"16":0.3565799096,"17":0.3584466017,"18":0.3597354742,"19":0.3599362552,"20":0.3612682634,"21":0.3619744721,"22":0.3629598467,"23":0.3637359748,"24":0.3648533212,"25":0.3666519599,"26":0.365989822,"27":0.3665599868,"28":0.3674641227,"29":0.3676829898,"30":0.3673997876,"31":0.3688669729,"32":0.3703906236,"33":0.3694240089,"34":0.3699308439,"35":0.3705012768,"36":0.3714939655,"37":0.3713729916,"38":0.3716431315,"39":0.3734598618,"40":0.3735791915,"41":0.3725670461,"42":0.372546894,"43":0.373407179,"44":0.3754569914,"45":0.3745066611,"46":0.3750557158,"47":0.3755495168,"48":0.3744820148,"49":0.3752052522,"50":0.3756656846,"51":0.3760115148,"52":0.375934434,"53":0.3764852793,"54":0.3759698214,"55":0.3765425476,"56":0.3763857238,"57":0.3760329301,"58":0.3765581001,"59":0.3764600114,"60":0.3767150415,"61":0.3767034355,"62":0.3766295266,"63":0.3770335115,"64":0.3766629635,"65":0.3773642747,"66":0.3770806324,"67":0.3770392783,"68":0.3769730391,"69":0.376853777,"70":0.3774369122,"71":0.3776017389,"72":0.3772285092,"73":0.3775483654,"74":0.3774050702,"75":0.3774989073,"76":0.3771262714,"77":0.3779782929,"78":0.3777730528,"79":0.376807279,"80":0.3777222012,"81":0.3770071702,"82":0.3770708438,"83":0.3775251303,"84":0.3771487851,"85":0.3773301781,"86":0.3766525655,"87":0.377425226,"88":0.3777432783,"89":0.3771234993},"Recall@50":{"0":0.4119497523,"1":0.4515479374,"2":0.4687952518,"3":0.4789059747,"4":0.4870778225,"5":0.4929654109,"6":0.4983065861,"7":0.5044849102,"8":0.5080894647,"9":0.5097055401,"10":0.5126086142,"11":0.5153992282,"12":0.5172639816,"13":0.5196255702,"14":0.5227373965,"15":0.524775633,"16":0.5249095941,"17":0.5276430859,"18":0.5286736283,"19":0.5302693342,"20":0.530929732,"21":0.5314125003,"22":0.5327629091,"23":0.5340782063,"24":0.5338675125,"25":0.535840869,"26":0.5368873324,"27":0.5368659076,"28":0.5376330196,"29":0.5397456321,"30":0.5377345459,"31":0.540061978,"32":0.5404306029,"33":0.5415988041,"34":0.5415114415,"35":0.5418985372,"36":0.5435441825,"37":0.543665664,"38":0.5428848112,"39":0.5437134938,"40":0.5454136734,"41":0.5451726765,"42":0.5449936608,"43":0.5452368307,"44":0.5459790345,"45":0.5455318843,"46":0.5443026039,"47":0.5451757474,"48":0.5454229352,"49":0.5465945122,"50":0.548051902,"51":0.5475249007,"52":0.5478557114,"53":0.5473913505,"54":0.5476167624,"55":0.5478532943,"56":0.5482221267,"57":0.548143365,"58":0.5479272109,"59":0.5472916041,"60":0.5479879893,"61":0.5482003782,"62":0.5481989386,"63":0.5482885021,"64":0.5483186668,"65":0.5478539388,"66":0.5480640962,"67":0.5478375256,"68":0.5479011081,"69":0.5479157712,"70":0.5475071159,"71":0.547500545,"72":0.5470086278,"73":0.5478267457,"74":0.5477611454,"75":0.548202257,"76":0.548294333,"77":0.5487540101,"78":0.5482306303,"79":0.5487802933,"80":0.5492938221,"81":0.5478399205,"82":0.5479694802,"83":0.5482521116,"84":0.5484767811,"85":0.5485432365,"86":0.5488390801,"87":0.5482062325,"88":0.5488119134,"89":0.5486021533},"custom_Recall@50":{"0":0.4074416203,"1":0.4465701204,"2":0.4636198834,"3":0.4735555358,"4":0.4815973799,"5":0.4873920391,"6":0.4926336862,"7":0.498762988,"8":0.5023060469,"9":0.5039189326,"10":0.5067429942,"11":0.50952538,"12":0.5114032512,"13":0.5136773689,"14":0.5168062823,"15":0.5188628743,"16":0.5189701495,"17":0.5217860684,"18":0.5227806641,"19":0.5243318014,"20":0.5249964896,"21":0.5254329188,"22":0.5268797577,"23":0.5281933593,"24":0.5279775225,"25":0.5299184827,"26":0.5309539753,"27":0.5309946526,"28":0.5317657246,"29":0.5338585571,"30":0.5319206711,"31":0.5342505949,"32":0.534592117,"33":0.5357578778,"34":0.5357137882,"35":0.5360798882,"36":0.537758855,"37":0.5378783676,"38":0.5371134468,"39":0.5379537904,"40":0.5396396536,"41":0.5393850936,"42":0.5392429625,"43":0.5394805374,"44":0.5402074695,