{"epochs":{"0":1,"1":2,"2":3,"3":4,"4":5,"5":6,"6":7,"7":8,"8":9,"9":10,"10":11,"11":12,"12":13,"13":14,"14":15,"15":16,"16":17,"17":18,"18":19,"19":20,"20":21,"21":22,"22":23,"23":24,"24":25,"25":26,"26":27,"27":28,"28":29,"29":30,"30":31,"31":32,"32":33,"33":34,"34":35,"35":36,"36":37,"37":38,"38":39,"39":40,"40":41,"41":42,"42":43,"43":44,"44":45,"45":46,"46":47,"47":48,"48":49,"49":50,"50":51,"51":52,"52":53,"53":54,"54":55,"55":56,"56":57,"57":58,"58":59,"59":60,"60":61,"61":62,"62":63,"63":64,"64":65,"65":66,"66":67,"67":68,"68":69,"69":70,"70":71,"71":72,"72":73,"73":74,"74":75,"75":76,"76":77,"77":78,"78":79,"79":80,"80":81,"81":82,"82":83,"83":84,"84":85,"85":86,"86":87,"87":88,"88":89,"89":90},"loss":{"0":13.91664505,"1":12.6445026398,"2":10.9853210449,"3":10.5279808044,"4":9.8456468582,"5":9.1738948822,"6":8.7875108719,"7":8.7848777771,"8":8.2356586456,"9":8.0642662048,"10":7.7866244316,"11":7.8543601036,"12":7.8408527374,"13":7.684800148,"14":7.5486121178,"15":7.3698477745,"16":7.3931765556,"17":7.1004180908,"18":7.2947049141,"19":7.1565999985,"20":7.1334600449,"21":7.0943365097,"22":7.0217609406,"23":6.8331255913,"24":6.7173204422,"25":6.8837051392,"26":6.6433901787,"27":6.7929105759,"28":6.5039086342,"29":6.6950936317,"30":6.7292766571,"31":6.6469240189,"32":6.670525074,"33":6.6029195786,"34":6.3987603188,"35":6.5470485687,"36":6.4360613823,"37":6.5917525291,"38":6.4484295845,"39":6.4487066269,"40":6.2580089569,"41":6.1232295036,"42":6.2457237244,"43":6.4092617035,"44":6.3384804726,"45":6.3693137169,"46":6.1910057068,"47":6.0773487091,"48":6.1707482338,"49":6.3422889709,"50":6.0475687981,"51":6.2237062454,"52":6.2833380699,"53":6.1315431595,"54":6.1904101372,"55":6.0852251053,"56":6.2645759583,"57":6.1400518417,"58":5.9002203941,"59":6.2352557182,"60":6.0212917328,"61":6.2214794159,"62":6.0650048256,"63":6.0243206024,"64":6.0300350189,"65":5.9035372734,"66":5.929049015,"67":5.9863395691,"68":5.9972810745,"69":5.8528017998,"70":5.8930382729,"71":5.9248805046,"72":6.0030384064,"73":6.0896110535,"74":6.1858997345,"75":6.0304741859,"76":6.0917167664,"77":6.0382900238,"78":5.8097743988,"79":5.8933167458,"80":5.7797350883,"81":6.0010089874,"82":5.9320912361,"83":6.0825519562,"84":5.8916425705,"85":5.9083418846,"86":6.172396183,"87":6.0048127174,"88":5.7983670235,"89":6.1367664337}}