{"epochs":{"0":1,"1":2,"2":3,"3":4,"4":5,"5":6,"6":7,"7":8,"8":9,"9":10,"10":11,"11":12,"12":13,"13":14,"14":15,"15":16,"16":17,"17":18,"18":19,"19":20,"20":21,"21":22,"22":23,"23":24,"24":25,"25":26,"26":27,"27":28,"28":29,"29":30,"30":31,"31":32,"32":33,"33":34,"34":35,"35":36,"36":37,"37":38,"38":39,"39":40,"40":41,"41":42,"42":43,"43":44,"44":45,"45":46,"46":47,"47":48,"48":49,"49":50,"50":51,"51":52,"52":53,"53":54,"54":55,"55":56,"56":57,"57":58,"58":59,"59":60,"60":61,"61":62,"62":63,"63":64,"64":65,"65":66,"66":67,"67":68,"68":69,"69":70,"70":71,"71":72,"72":73,"73":74,"74":75,"75":76,"76":77,"77":78,"78":79,"79":80,"80":81,"81":82,"82":83,"83":84,"84":85,"85":86,"86":87,"87":88,"88":89,"89":90},"Recall@5":{"0":0.0292929293,"1":0.1543434343,"2":0.1792929293,"3":0.1870707071,"4":0.2003030303,"5":0.2190909091,"6":0.2473737374,"7":0.2703030303,"8":0.2714141414,"9":0.2824242424,"10":0.291010101,"11":0.2912121212,"12":0.2762626263,"13":0.2874747475,"14":0.2977777778,"15":0.2954545455,"16":0.2974747475,"17":0.2901010101,"18":0.2981818182,"19":0.2854545455,"20":0.2921212121,"21":0.303030303,"22":0.2909090909,"23":0.292020202,"24":0.3135353535,"25":0.3084848485,"26":0.2916161616,"27":0.3047474747,"28":0.3087878788,"29":0.3104040404,"30":0.3201010101,"31":0.302020202,"32":0.3107070707,"33":0.3088888889,"34":0.3158585859,"35":0.3152525253,"36":0.3055555556,"37":0.3057575758,"38":0.2826262626,"39":0.3047474747,"40":0.3005050505,"41":0.2968686869,"42":0.3067676768,"43":0.2911111111,"44":0.3024242424,"45":0.3005050505,"46":0.2898989899,"47":0.3041414141,"48":0.2914141414,"49":0.278989899,"50":0.2823232323,"51":0.2871717172,"52":0.298989899,"53":0.295959596,"54":0.285959596,"55":0.2847474747,"56":0.2950505051,"57":0.3023232323,"58":0.2950505051,"59":0.298989899,"60":0.2962626263,"61":0.2835353535,"62":0.2932323232,"63":0.2944444444,"64":0.2944444444,"65":0.3046464646,"66":0.3022222222,"67":0.2997979798,"68":0.2949494949,"69":0.2850505051,"70":0.2831313131,"71":0.2891919192,"72":0.287979798,"73":0.288989899,"74":0.2902020202,"75":0.2902020202,"76":0.2902020202,"77":0.2861616162,"78":0.291010101,"79":0.2946464646,"80":0.2849494949,"81":0.2837373737,"82":0.2849494949,"83":0.2974747475,"84":0.288989899,"85":0.288989899,"86":0.2897979798,"87":0.2922222222,"88":0.2919191919,"89":0.2922222222},"Recall@20":{"0":0.1146132319,"1":0.2804646027,"2":0.3183486379,"3":0.3168777603,"4":0.3492324763,"5":0.3630730465,"6":0.3779648214,"7":0.3837272071,"8":0.3942350999,"9":0.4153223796,"10":0.4297425554,"11":0.438662928,"12":0.4298192969,"13":0.4307182212,"14":0.4227521973,"15":0.436686016,"16":0.4322971053,"17":0.4346032839,"18":0.4245188902,"19":0.4270563864,"20":0.4291706021,"21":0.4311085968,"22":0.4405484499,"23":0.4474818532,"24":0.4460436617,"25":0.4430277887,"26":0.4239005859,"27":0.4536023656,"28":0.4445499366,"29":0.4345744239,"30":0.4287635008,"31":0.4406324063,"32":0.4314164371,"33":0.437710547,"34":0.4423661944,"35":0.4391749749,"36":0.4430662687,"37":0.4436338493,"38":0.4231073724,"39":0.4402572259,"40":0.4437252394,"41":0.4493170886,"42":0.4486270716,"43":0.4437903931,"44":0.4485496742,"45":0.4447401504,"46":0.4341773799,"47":0.4409140102,"48":0.4215078272,"49":0.4402742796,"50":0.436666776,"51":0.4350217543,"52":0.4359548953,"53":0.4465369059,"54":0.4384801478,"55":0.4458079715,"56":0.4348411605,"57":0.4292134549,"58":0.4210102103,"59":0.4265753859,"60":0.4280905374,"61":0.4309402466,"62":0.4315633609,"63":0.4224003017,"64":0.4168447462,"65":0.438634068,"66":0.4211160304,"67":0.4209813503,"68":0.4228235821,"69":0.4181915475,"70":0.4300385894,"71":0.4335835629,"72":0.4337759631,"73":0.4263904193,"74":0.4318519612,"75":0.4256230049,"76":0.4242521536,"77":0.4312507106,"78":0.4220417377,"79":0.4244108837,"80":0.4291583585,"81":0.4333692991,"82":0.4331913289,"83":0.4240282697,"84":0.4228813022,"85":0.4224484018,"86":0.4285234378,"87":0.423650903,"88":0.4329606673,"89":0.4342232935},"custom_Recall@20":{"0":0.1145266518,"1":0.2802914426,"2":0.3180888976,"3":0.3165314399,"4":0.3488861559,"5":0.3624669859,"6":0.3774453409,"7":0.3832943067,"8":0.3938021995,"9":0.4148028991,"10":0.429309655,"11":0.4382300275,"12":0.4293863964,"13":0.4301987407,"14":0.4223192969,"15":0.4360799554,"16":0.4316044646,"17":0.4339972233,"18":0.4239128296,"19":0.4263637457,"20":0.4286511216,"21":0.4305025362,"22":0.4400289693,"23":0.4469623726,"24":0.4455241812,"25":0.4425083082,"26":0.4234676855,"27":0.4530828851,"28":0.4440304561,"29":0.4340549434,"30":0.4282440203,"31":0.4401129258,"32":0.4308969566,"33":0.4371044864,"34":0.4418467139,"35":0.4386554943,"36":0.4425467882,"37":0.4431143688,"38":0.4225878919,"39":0.4397377454,"40":0.4432057589,"41":0.4487976081,"42":0.4481075911,"43":0.4432709126,"44":0.4480301937,"45":0.4442206699,"46":0.4336578993,"47":0.4403945297,"48":0.4209883467,"49":0.4397547991,"50":0.4361472955,"51":0.4345022738,"52":0.4354354148,"53":0.4460174253,"54":0.4379606673,"55":0.445288491,"56":0.43432168,"57":0.4286939744,"58":0.4204907298,"59":0.4260559054,"60":0.4275710569,"61":0.4304207661,"62":0.4310438804,"63":0.4218808212,"64":0.4163252656,"65":0.4381145874,"66":0.4205965499,"67":0.4204618698,"68":0.4223041016,"69":0.417672067,"70":0.4295191088,"71":0.4330640824,"72":0.4332564826,"73":0.4258709388,"74":0.4313324807,"75":0.4251035244,"76":0.4237326731,"77":0.43073123,"78":0.4215222572,"79":0.4238914032,"80":0.428638878,"81":0.4328498185,"82":0.4326718484,"83":0.4235087892,"84":0.4223618217,"85":0.4219289212,"86":0.4280039573,"87":0.4231314224,"88":0.4324411868,"89":0.433703813},"Recall@50":{"0":0.2182125366,"1":0.3423685994,"2":0.4052838996,"3":0.4495669902,"4":0.4619798636,"5":0.4663692116,"6":0.4878326556,"7":0.5013343391,"8":0.5145111286,"9":0.5234757751,"10":0.5221001137,"11":0.5338812366,"12":0.5348562464,"13":0.545767961,"14":0.5351123792,"15":0.5365868643,"16":0.5445993485,"17":0.547628449,"18":0.5527005991,"19":0.5567792645,"20":0.5554038218,"21":0.5621474485,"22":0.5461830425,"23":0.5542802484,"24":0.5531527395,"25":0.564166448,"26":0.5648157987,"27":0.5600151952,"28":0.5558846036,"29":0.5642792645,"30":0.5561948489,"31":0.555356159,"32":0.5614776553,"33":0.5510815952,"34":0.5548528576,"35":0.5703833792,"36":0.5612263326,"37":0.5729220779,"38":0.5622994009,"39":0.5698061787,"40":0.5514906642,"41":0.5660758013,"42":0.5566277494,"43":0.5541772705,"44":0.559304517,"45":0.5628448992,"46":0.5533932398,"47":0.5564199353,"48":0.549321352,"49":0.5511587739,"50":0.5537648126,"51":0.5545043509,"52":0.5522147886,"53":0.5597594998,"54":0.5493528357,"55":0.5568432157,"56":0.5554937907,"57":0.5561782325,"58":0.5478773667,"59":0.5454593555,"60":0.5482994447,"61":0.5447893437,"62":0.5480820106,"63":0.5539524028,"64":0.555135664,"65":0.5609627662,"66":0.5570259959,"67":0.5644718833,"68":0.5438850627,"69":0.5484689973,"70":0.5472364336,"71":0.5446450435,"72":0.545601032,"73":0.5499300363,"74":0.5538920591,"75":0.5524201976,"76":0.5524346277,"77":0.5607174559,"78":0.5564209191,"79":0.5517626481,"80":0.5421666885,"81":0.5504901832,"82":0.549278062,"83":0.5499408588,"84":0.5515858804,"85":0.5533292886,"86":0.5424586777,"87":0.5435637763,"88":0.5446027373,"89":0.5461611789},"custom_Recall@50":{"0":0.2182125366,"1":0.3423685994,"2":0.4052838996,"3":0.4495669902,"4":0.4619798636,"5":0.4663692116,"6":0.4878326556,"7":0.5013343391,"8":0.5145111286,"9":0.5234757751,"10":0.5221001137,"11":0.5338812366,"12":0.5348562464,"13":0.545767961,"14":0.5351123792,"15":0.5365868643,"16":0.5445993485,"17":0.547628449,"18":0.5527005991,"19":0.5567792645,"20":0.5554038218,"21":0.5621474485,"22":0.5461830425,"23":0.5542802484,"24":0.5531527395,"25":0.564166448,"26":0.5648157987,"27":0.5600151952,"28":0.5558846036,"29":0.5642792645,"30":0.5561948489,"31":0.555356159,"32":0.5614776553,"33":0.5510815952,"34":0.5548528576,"35":0.5703833792,"36":0.5612263326,"37":0.5729220779,"38":0.5622994009,"39":0.5698061787,"40":0.5514906642,"41":0.5660758013,"42":0.5566277494,"43":0.5541772705,"44":0.559304517,