{"epochs":{"0":1,"1":2,"2":3,"3":4,"4":5,"5":6,"6":7,"7":8,"8":9,"9":10,"10":11,"11":12,"12":13,"13":14,"14":15,"15":16,"16":17,"17":18,"18":19,"19":20,"20":21,"21":22,"22":23,"23":24,"24":25,"25":26,"26":27,"27":28,"28":29,"29":30,"30":31,"31":32,"32":33,"33":34,"34":35,"35":36,"36":37,"37":38,"38":39,"39":40,"40":41,"41":42,"42":43,"43":44,"44":45,"45":46,"46":47,"47":48,"48":49,"49":50,"50":51,"51":52,"52":53,"53":54,"54":55,"55":56,"56":57,"57":58,"58":59,"59":60,"60":61,"61":62,"62":63,"63":64,"64":65,"65":66,"66":67,"67":68,"68":69,"69":70},"Recall@5":{"0":0.2682227832,"1":0.2958013263,"2":0.3131124489,"3":0.32018636,"4":0.326229573,"5":0.3318290034,"6":0.3370562173,"7":0.3410319207,"8":0.343611183,"9":0.3450270441,"10":0.3475102854,"11":0.3493569826,"12":0.3517949105,"13":0.3532657949,"14":0.3538836383,"15":0.3552293717,"16":0.3560302664,"17":0.3567142816,"18":0.3580772772,"19":0.3588242275,"20":0.3584070574,"21":0.359235284,"22":0.3592971402,"23":0.360760832,"24":0.3601415501,"25":0.3615203694,"26":0.3608086628,"27":0.3613405547,"28":0.3608194516,"29":0.3616181886,"30":0.3627506617,"31":0.3614980724,"32":0.3626866477,"33":0.3627103832,"34":0.3611726077,"35":0.3633293055,"36":0.3618548248,"37":0.3631041775,"38":0.3650454572,"39":0.3629142931,"40":0.3649372087,"41":0.3650695523,"42":0.3612675499,"43":0.3634458254,"44":0.3658049945,"45":0.3631994793,"46":0.3677656942,"47":0.3644445164,"48":0.3628312187,"49":0.364744807,"50":0.3646753985,"51":0.3641575321,"52":0.3644729271,"53":0.3648494591,"54":0.3646041918,"55":0.3647203521,"56":0.3646649692,"57":0.3647145981,"58":0.3645761407,"59":0.3650159675,"60":0.3640028914,"61":0.3646703637,"62":0.3644592612,"63":0.363655849,"64":0.3642434835,"65":0.3645646326,"66":0.3642114765,"67":0.3642139939,"68":0.3641521376,"69":0.3637551067},"Recall@20":{"0":0.288287021,"1":0.3113368214,"2":0.3250990171,"3":0.3329879234,"4":0.3379793468,"5":0.3414786344,"6":0.3451490764,"7":0.3473751979,"8":0.3489263786,"9":0.3499972844,"10":0.3512613364,"11":0.3540838925,"12":0.3559737605,"13":0.3568592045,"14":0.3575906439,"15":0.3588091467,"16":0.360367573,"17":0.3604205284,"18":0.3619954655,"19":0.3623674744,"20":0.362365871,"21":0.3627472401,"22":0.3637237629,"23":0.3642175732,"24":0.3644913549,"25":0.3662171134,"26":0.3661660131,"27":0.3665002826,"28":0.3664958728,"29":0.366581307,"30":0.3686335983,"31":0.3666858942,"32":0.3682180549,"33":0.3683547813,"34":0.3673582306,"35":0.36880571,"36":0.3683555321,"37":0.3684827893,"38":0.3708363687,"39":0.3695956624,"40":0.3703881552,"41":0.3709169388,"42":0.368501088,"43":0.3696135583,"44":0.3712344486,"45":0.3699405389,"46":0.3728514829,"47":0.3709287155,"48":0.3700575523,"49":0.3710832658,"50":0.3712605363,"51":0.3711242154,"52":0.3714181738,"53":0.3713279538,"54":0.3720851901,"55":0.3714427948,"56":0.3713224894,"57":0.3714412905,"58":0.3715269999,"59":0.3714801874,"60":0.3712267001,"61":0.37153778,"62":0.3716267579,"63":0.3712384356,"64":0.3711598197,"65":0.3714974525,"66":0.3710575365,"67":0.3714152088,"68":0.3716751815,"69":0.3710950275},"custom_Recall@20":{"0":0.2194646983,"1":0.2365761747,"2":0.2466005552,"3":0.2524011678,"4":0.2566293788,"5":0.2595144522,"6":0.2622765198,"7":0.2642295458,"8":0.2653985036,"9":0.2666566689,"10":0.2677064879,"11":0.2695505143,"12":0.2709129885,"13":0.2714572044,"14":0.2722234875,"15":0.2728280119,"16":0.2742770993,"17":0.2740107352,"18":0.2753033141,"19":0.275469162,"20":0.2756651239,"21":0.2762530886,"22":0.2770387487,"23":0.2770852613,"24":0.2775035718,"25":0.2785830733,"26":0.2787880331,"27":0.2788597924,"28":0.2792340666,"29":0.2792923663,"30":0.2805819668,"31":0.2794047997,"32":0.280347613,"33":0.280620099,"34":0.2804394349,"35":0.2811127935,"36":0.2810814089,"37":0.280937278,"38":0.28190537,"39":0.2815129097,"40":0.2820009543,"41":0.282306031,"42":0.2815226705,"43":0.2817155425,"44":0.2824592328,"45":0.2819483148,"46":0.2831786013,"47":0.2826946323,"48":0.2824930467,"49":0.2828625564,"50":0.2832986212,"51":0.2830953004,"52":0.2833392316,"53":0.2833467674,"54":0.2839385625,"55":0.2833554756,"56":0.283210871,"57":0.2834370286,"58":0.2835260288,"59":0.283523654,"60":0.2834476412,"61":0.28353252,"62":0.2837362797,"63":0.2833914602,"64":0.2833885762,"65":0.283637767,"66":0.2831633123,"67":0.2835201511,"68":0.2838098506,"69":0.2834737372},"Recall@50":{"0":0.3735047079,"1":0.3964479061,"2":0.4099401,"3":0.4184737284,"4":0.4243349181,"5":0.427656431,"6":0.4311839761,"7":0.4334183893,"8":0.4355721284,"9":0.4366221698,"10":0.437277899,"11":0.4394593407,"12":0.4407507882,"13":0.4423726881,"14":0.4428810753,"15":0.4436158497,"16":0.4455724705,"17":0.4463193553,"18":0.4470834258,"19":0.4477086783,"20":0.4482357543,"21":0.4489419297,"22":0.4496549711,"23":0.4496521455,"24":0.4501075633,"25":0.4513209365,"26":0.4512087163,"27":0.4513881211,"28":0.4515669986,"29":0.4514510192,"30":0.4530586901,"31":0.4520124551,"32":0.4531223902,"33":0.4524341077,"34":0.4530682081,"35":0.453206286,"36":0.4536174648,"37":0.4541589683,"38":0.4549098589,"39":0.4543911889,"40":0.4552784054,"41":0.4555642392,"42":0.4537889118,"43":0.4548652953,"44":0.4555612268,"45":0.4550632551,"46":0.4568154505,"47":0.4553954045,"48":0.455385803,"49":0.4560661707,"50":0.4560994061,"51":0.4561357092,"52":0.4564900931,"53":0.456420497,"54":0.4565390799,"55":0.4565724489,"56":0.4565048936,"57":0.4567974049,"58":0.4564916583,"59":0.4566118683,"60":0.4561771359,"61":0.456436769,"62":0.4567055123,"63":0.4565174146,"64":0.4563070498,"65":0.4563899946,"66":0.4562200905,"67":0.4561599208,"68":0.4563388261,"69":0.456322791},"custom_Recall@50":{"0":0.3543219209,"1":0.3757954508,"2":0.3884099222,"3":0.3964713728,"4":0.4020707499,"5":0.4052581183,"6":0.4086256908,"7":0.4108637906,"8":0.4130311759,"9":0.4142705789,"10":0.4150346814,"11":0.4170428778,"12":0.4182917891,"13":0.419813761,"14":0.4204243427,"15":0.4209684596,"16":0.4228985851,"17":0.4236288227,"18":0.4243074086,"19":0.4248471212,"20":0.4253993743,"21":0.4261921409,"22":0.4268560365,"23":0.4266788675,"24":0.4272258025,"25":0.4282100404,"26":0.4281489647,"27":0.4282791422,"28":0.4285205893,"29":0.4284492278,"30":0.4297933602,"31":0.4289610812,"32":0.4299277133,"33":0.4292772932,"34":0.4301145309,"35":0.430054038,"36":0.4305941724,"37":0.4310511542,"38":0.4313784901,"39":0.4311526743,"40":0.4318911674,"41":0.4321361746,"42":0.4308759797,"43":0.431648754,"44":0.4320708839,"45":0.4318563643,"46":0.432999626,"47":0.4320904814,"48":0.4322668933,"49":0.4326627628,"50":0.4328640643,"51":0.4328730556,"52":0.433234975,"53":0.4331695762,"54":0.4332940805,"55":0.4333045235,"56":0.4332427362,"57":0.4335636769,"58":0.4332272865,"59":0.4333733655,"60":0.4330017175,"61":0.4331801958,"62":0.433476083,"63":0.4333240045,"64":0.4331119285,"65":0.4331542572,"66":0.4330002802,"67":0.432965704,"68":0.4331027281,"69":0.4331953254},"NCDG@100":{"0":0.3229590762,"1":0.3453948873,"2":0.3587273104,"3":0.3667264704,"4":0.3725803655,"5":0.3770054042,"6":0.3806976582,"7":0.3833842021,"8":0.3850491784,"9":0.38622463,"10":0.3876575425,"11":0.3895624038,"12":0.3911649395,"13":0.3922645599,"14":0.3929415457,"15":0.3940997323,"16":0.3949885161,"17":0.395675277,"18":0.3968048573,"19":0.3974965927,"20":0.3975508827,"21":0.3978285408,"22":0.398861072,"23":0.3994943303,"24":0.3993233328,"25":0.4003555546,"26":0.4002737299,"27":0.4009203625,"28":0.4008807955,"29":0.400794902,"30":0.4020155486,"31":0.4015030153,"32":0.4022304541,"33":0.4021284652,"34":0.401602187,"35":0.4028943132,"36":0.4022332685,"37":0.4028976387,"38":0.4041232057,"39":0.4033790494,"40":0.4038873356,"41":0.4041379091,"42":0.4026809733,"43":0.4036991281,"44":0.404702154,"45":0.4038380151,"46":0.4059442956,"47":0.4044881263,"48":0.4039813036,"49":0.4046554646,"50":0.4049557724,"51":0.4050885051,"52":0.4052512861,"53":0.4052408513,"54":0.4053543116,"55":0.4052186285,"56":0.4052355978,"57":0.4050889843,"58":0.405299054,"59":0.4051718835,"60":0.4050776707,"61":0.4051467529,"62":0.4051577469,"63":0.4049942947,