{"epochs":{"0":1,"1":2,"2":3,"3":4,"4":5,"5":6,"6":7,"7":8,"8":9,"9":10,"10":11,"11":12,"12":13,"13":14,"14":15,"15":16,"16":17,"17":18,"18":19,"19":20,"20":21,"21":22,"22":23,"23":24,"24":25,"25":26,"26":27,"27":28,"28":29,"29":30,"30":31,"31":32,"32":33,"33":34,"34":35,"35":36,"36":37,"37":38,"38":39,"39":40,"40":41,"41":42,"42":43,"43":44,"44":45,"45":46,"46":47,"47":48,"48":49,"49":50,"50":51,"51":52,"52":53,"53":54,"54":55,"55":56,"56":57,"57":58,"58":59,"59":60,"60":61,"61":62,"62":63,"63":64,"64":65,"65":66,"66":67,"67":68,"68":69,"69":70,"70":71,"71":72,"72":73,"73":74,"74":75,"75":76,"76":77,"77":78,"78":79,"79":80,"80":81,"81":82,"82":83,"83":84,"84":85,"85":86,"86":87,"87":88,"88":89,"89":90},"loss":{"0":31.2255134583,"1":28.323474884,"2":27.8428726196,"3":27.5006160736,"4":27.2156276703,"5":26.9856376648,"6":26.7841014862,"7":26.6159896851,"8":26.473323822,"9":26.3533401489,"10":26.2407054901,"11":26.1485691071,"12":26.0599460602,"13":25.9750881195,"14":25.9080944061,"15":25.8443450928,"16":25.7728767395,"17":25.7192287445,"18":25.6675243378,"19":25.6116523743,"20":25.557882309,"21":25.5203475952,"22":25.4743843079,"23":25.435256958,"24":25.391412735,"25":25.3560428619,"26":25.3202991486,"27":25.2898788452,"28":25.2570114136,"29":25.2219047546,"30":25.1861152649,"31":25.1531047821,"32":25.0936412811,"33":25.0928401947,"34":25.0636425018,"35":25.0444412231,"36":25.011756897,"37":24.9844417572,"38":24.9599208832,"39":24.9425182343,"40":24.9057006836,"41":24.8751869202,"42":24.8655376434,"43":24.8313217163,"44":24.806098938,"45":24.7857894897,"46":24.7600250244,"47":24.7384548187,"48":24.718006134,"49":24.6961402893,"50":24.5938873291,"51":24.5797309875,"52":24.5619907379,"53":24.5604057312,"54":24.5501041412,"55":24.5506000519,"56":24.5343017578,"57":24.5335121155,"58":24.5246772766,"59":24.5122623444,"60":24.5092563629,"61":24.5014572144,"62":24.5000324249,"63":24.4965076447,"64":24.4860115051,"65":24.4796352386,"66":24.4769458771,"67":24.4683532715,"68":24.4690132141,"69":24.4593791962,"70":24.4568119049,"71":24.4459514618,"72":24.4402923584,"73":24.4383335114,"74":24.428150177,"75":24.4239902496,"76":24.4151706696,"77":24.4092636108,"78":24.4086380005,"79":24.4000873566,"80":24.3966217041,"81":24.3875865936,"82":24.3839168549,"83":24.3825588226,"84":24.3738632202,"85":24.3625774384,"86":24.3551712036,"87":24.3610706329,"88":24.3467197418,"89":24.3437099457},"val_loss":{"0":47.0123023987,"1":45.917049408,"2":45.9162750244,"3":46.7808074951,"4":48.2028427124,"5":49.8102455139,"6":51.233833313,"7":52.543056488,"8":53.6262512207,"9":55.704460144,"10":56.5500183105,"11":57.0671310425,"12":57.9105834961,"13":59.1262397766,"14":60.2710723877,"15":60.7257957458,"16":62.5033111572,"17":63.2849082947,"18":63.5932617188,"19":63.809589386,"20":66.1224441528,"21":68.5513687134,"22":69.2722396851,"23":68.2521972656,"24":69.9222564697,"25":68.8269577026,"26":70.9011993408,"27":70.5639419556,"28":72.7732620239,"29":73.6539306641,"30":72.3664169312,"31":75.5548629761,"32":73.9429702759,"33":75.699432373,"34":78.7449417114,"35":77.4454650879,"36":78.8776779175,"37":78.8752288818,"38":73.9719238281,"39":77.6342926025,"40":78.2059860229,"41":76.9037322998,"42":83.185798645,"43":80.1202087402,"44":77.1182022095,"45":80.9523696899,"46":73.3167266846,"47":80.8164596558,"48":83.4881134033,"49":80.8572692871,"50":83.1182937622,"51":83.0046005249,"52":83.0000610352,"53":83.5040206909,"54":83.1276931763,"55":83.1538772583,"56":83.2185821533,"57":83.6388931274,"58":83.611328125,"59":83.6531906128,"60":84.2694702148,"61":83.9022521973,"62":84.2112121582,"63":84.3985061646,"64":84.5674057007,"65":84.047744751,"66":84.1678085327,"67":84.312171936,"68":84.4743423462,"69":85.1633758545,"70":84.6083755493,"71":85.109375,"72":84.5623397827,"73":84.7001190186,"74":85.0292663574,"75":85.0227279663,"76":84.9422836304,"77":85.2133255005,"78":85.9663619995,"79":85.3958969116,"80":85.6996383667,"81":85.3032531738,"82":85.2196960449,"83":85.4156494141,"84":85.7132339478,"85":85.7534255981,"86":85.9248580933,"87":85.8188323975,"88":85.7623519897,"89":86.1897125244}}