{"epochs":{"0":1},"Recall@5":{"0":0.0292929293},"Recall@20":{"0":0.1146132319},"custom_Recall@20":{"0":0.1145266518},"Recall@50":{"0":0.2182125366},"custom_Recall@50":{"0":0.2182125366},"NCDG@100":{"0":0.0983992556},"custom_NCDG@100":{"0":0.0983992556},"Coverage@5":{"0":0.1854648419},"Coverage@20":{"0":0.3157149599},"Coverage@50":{"0":0.3294006607},"Coverage@100":{"0":0.3294006607}}