{"epochs":{"0":1,"1":2,"2":3,"3":4,"4":5,"5":6,"6":7,"7":8,"8":9,"9":10,"10":11,"11":12,"12":13,"13":14,"14":15,"15":16,"16":17,"17":18,"18":19,"19":20,"20":21,"21":22,"22":23,"23":24,"24":25,"25":26,"26":27,"27":28,"28":29,"29":30,"30":31,"31":32,"32":33,"33":34,"34":35,"35":36,"36":37,"37":38,"38":39,"39":40,"40":41,"41":42,"42":43,"43":44,"44":45,"45":46,"46":47,"47":48,"48":49,"49":50,"50":51,"51":52,"52":53,"53":54,"54":55,"55":56,"56":57,"57":58,"58":59,"59":60,"60":61,"61":62,"62":63,"63":64,"64":65,"65":66,"66":67,"67":68,"68":69,"69":70,"70":71,"71":72,"72":73,"73":74,"74":75,"75":76,"76":77,"77":78,"78":79,"79":80,"80":81,"81":82,"82":83,"83":84,"84":85,"85":86,"86":87,"87":88,"88":89,"89":90},"Recall@5":{"0":0.2437310994,"1":0.2231782265,"2":0.1938079212,"3":0.1781496927,"4":0.1625231685,"5":0.1557689494,"6":0.1472905082,"7":0.1427104673,"8":0.1380158033,"9":0.1347856307,"10":0.1320822359,"11":0.1309542971,"12":0.1295690664,"13":0.1255353136,"14":0.1248926934,"15":0.1163837674,"16":0.1234355185,"17":0.1205150717,"18":0.1214540045,"19":0.1102599746,"20":0.120568725,"21":0.1215308263,"22":0.1165996,"23":0.11408765,"24":0.1170751634,"25":0.1172336845,"26":0.1091027705,"27":0.1178433811,"28":0.1001219393,"29":0.10476295,"30":0.1071700322,"31":0.1093868891,"32":0.1097600234,"33":0.1093051897,"34":0.1119256658,"35":0.1121195493,"36":0.1092100771,"37":0.1115403375,"38":0.1097807531,"39":0.112614623,"40":0.1119268852,"41":0.1115525315,"42":0.1118988391,"43":0.1117659253,"44":0.1109428348,"45":0.112323188,"46":0.1093503073,"47":0.1124768315,"48":0.1067737294,"49":0.1093210418,"50":0.1086320847,"51":0.109941713,"52":0.1097551458,"53":0.1088552336,"54":0.1086772022,"55":0.1088247488,"56":0.1092868988,"57":0.1076833967,"58":0.1068322603,"59":0.1058323578,"60":0.1089661984,"61":0.1079333724,"62":0.1052397327,"63":0.1060347771,"64":0.1065030241,"65":0.1066688616,"66":0.1062542679,"67":0.1084199103,"68":0.1049239099,"69":0.10418008,"70":0.106995659,"71":0.1069968784,"72":0.1072712418,"73":0.1054787338,"74":0.1069907814,"75":0.1068932299,"76":0.105721393,"77":0.1059323481,"78":0.106846893,"79":0.10576773,"80":0.106059165,"81":0.1066469125,"82":0.1062042728,"83":0.1074078139,"84":0.1070712613,"85":0.10673227,"86":0.106555458,"87":0.1076077944,"88":0.1065920398,"89":0.1061567164},"Recall@20":{"0":0.3014926969,"1":0.2635837449,"2":0.2273037206,"3":0.2047605212,"4":0.194460169,"5":0.1869456523,"6":0.179945815,"7":0.1808399158,"8":0.1783588158,"9":0.1750447786,"10":0.1781997368,"11":0.1754940138,"12":0.1724000512,"13":0.1743600688,"14":0.1728934722,"15":0.1631920071,"16":0.1734384198,"17":0.1719768601,"18":0.1721132805,"19":0.165467116,"20":0.175201917,"21":0.1757245931,"22":0.1712859654,"23":0.166806433,"24":0.173604495,"25":0.1748554773,"26":0.1676177019,"27":0.1379410017,"28":0.133486802,"29":0.1490262461,"30":0.1567551925,"31":0.1613568124,"32":0.1642597859,"33":0.165049808,"34":0.1686531636,"35":0.1696379319,"36":0.1661836451,"37":0.1704472969,"38":0.1689048902,"39":0.1716774127,"40":0.1714729025,"41":0.1707840225,"42":0.1723733335,"43":0.1723576255,"44":0.1709338594,"45":0.1737953037,"46":0.1720082474,"47":0.1745290028,"48":0.1709637728,"49":0.1730367449,"50":0.1729150078,"51":0.1731927329,"52":0.1741928027,"53":0.1740449053,"54":0.1725917989,"55":0.1731845178,"56":0.1734653246,"57":0.1725396684,"58":0.1716271313,"59":0.1714324126,"60":0.1727714839,"61":0.171923852,"62":0.1712183723,"63":0.1714606936,"64":0.1719819964,"65":0.1729615014,"66":0.1720245558,"67":0.1732753145,"68":0.1720344972,"69":0.1699974689,"70":0.1725903861,"71":0.1727606741,"72":0.1732048112,"73":0.1729337408,"74":0.1726119866,"75":0.1735108139,"76":0.1729997853,"77":0.1717140642,"78":0.1721414716,"79":0.17200436,"80":0.1722029985,"81":0.1723665413,"82":0.1717492485,"83":0.1729499981,"84":0.1730561044,"85":0.1723484992,"86":0.1715970952,"87":0.1736582771,"88":0.1723818404,"89":0.1720637076},"custom_Recall@20":{"0":0.2723563968,"1":0.233903845,"2":0.2000079796,"3":0.1786922484,"4":0.1710939504,"5":0.1641511147,"6":0.1583440753,"7":0.1604571894,"8":0.1591190182,"9":0.1561156219,"10":0.1603256589,"11":0.157921409,"12":0.1548354337,"13":0.1575167754,"14":0.1559718067,"15":0.1467555337,"16":0.1577473238,"17":0.1563282518,"18":0.1569859517,"19":0.1508225065,"20":0.1601547567,"21":0.1602470569,"22":0.1562690495,"23":0.1520506962,"24":0.1588574764,"25":0.1603074614,"26":0.1545738424,"27":0.1200994417,"28":0.1176954957,"29":0.1333033995,"30":0.141477039,"31":0.1463083754,"32":0.1493548423,"33":0.1503846607,"34":0.1540964241,"35":0.1551316809,"36":0.1517634574,"37":0.1562466829,"38":0.1549204797,"39":0.1577180976,"40":0.1576479041,"41":0.1569446759,"42":0.1586212251,"43":0.1586503044,"44":0.1572650933,"45":0.1604111758,"46":0.158505992,"47":0.1614031891,"48":0.1578991463,"49":0.1599902188,"50":0.1599839916,"51":0.1602294887,"52":0.1612425382,"53":0.1611551119,"54":0.1598702669,"55":0.1603264331,"56":0.1607654468,"57":0.1599187346,"58":0.1590377203,"59":0.1589499335,"60":0.1600728934,"61":0.1595204652,"62":0.1588954035,"63":0.1589428789,"64":0.1596967772,"65":0.1605661736,"66":0.1598273504,"67":0.1610468677,"68":0.1597109697,"69":0.1578045509,"70":0.1603228625,"71":0.1605460082,"72":0.1609522409,"73":0.1606853485,"74":0.1603524421,"75":0.1612751924,"76":0.1607898999,"77":0.1595739197,"78":0.1599606082,"79":0.159804332,"80":0.1600119999,"81":0.1602115907,"82":0.1596770945,"83":0.1607389945,"84":0.160812395,"85":0.1601374907,"86":0.1594372477,"87":0.1614797528,"88":0.160142863,"89":0.1599457642},"Recall@50":{"0":0.4164125108,"1":0.3720531324,"2":0.3274484009,"3":0.2977837544,"4":0.2891979703,"5":0.2772545934,"6":0.2671131699,"7":0.2688331473,"8":0.2656714255,"9":0.2616642579,"10":0.2643931645,"11":0.2606117452,"12":0.2575803295,"13":0.2603661103,"14":0.2584514821,"15":0.2459254966,"16":0.2574451634,"17":0.2548935162,"18":0.2556737934,"19":0.2493762913,"20":0.2591002687,"21":0.2603791783,"22":0.2523443458,"23":0.2500661943,"24":0.2570488687,"25":0.2556016616,"26":0.2482757704,"27":0.2076731059,"28":0.2073487215,"29":0.2309235604,"30":0.2407769404,"31":0.2474357758,"32":0.2501565799,"33":0.2498423167,"34":0.2521833904,"35":0.2547117891,"36":0.2521249331,"37":0.2549587604,"38":0.2527387874,"39":0.2566091898,"40":0.2560865636,"41":0.2552784409,"42":0.2566813006,"43":0.2559102962,"44":0.2548605923,"45":0.2568207074,"46":0.2558607328,"47":0.2570495506,"48":0.2547826179,"49":0.2548170852,"50":0.2548305864,"51":0.2557267666,"52":0.2542381826,"53":0.2548864918,"54":0.2542861737,"55":0.2540553338,"56":0.2539667419,"57":0.2529407935,"58":0.2523598657,"59":0.2527467995,"60":0.2536509706,"61":0.2521979553,"62":0.2516034061,"63":0.2512877479,"64":0.2508948873,"65":0.2520657727,"66":0.2516294392,"67":0.2527474127,"68":0.2516113687,"69":0.2505791653,"70":0.2518813221,"71":0.2516735061,"72":0.252452469,"73":0.2516346977,"74":0.2518274384,"75":0.2525492034,"76":0.2516474097,"77":0.2514290746,"78":0.2520669575,"79":0.2514572246,"80":0.2514244162,"81":0.2518329171,"82":0.2513918291,"83":0.2523107844,"84":0.2523599385,"85":0.2514862464,"86":0.2509352494,"87":0.2526247584,"88":0.2524298465,"89":0.2524476869},"custom_Recall@50":{"0":0.4113776384,"1":0.3667525041,"2":0.3224448844,"3":0.2929927504,"4":0.2848205714,"5":0.2730041652,"6":0.2629901428,"7":0.2649171543,"8":0.2618958421,"9":0.2579167895,"10":0.260812745,"11":0.2570327352,"12":0.2539741389,"13":0.2568581597,"14":0.2549102589,"15":0.2423962398,"16":0.2541245772,"17":0.2515505328,"18":0.2523584113,"19":0.2461169916,"20":0.2557960929,"21":0.2570392058,"22":0.2489928132,"23":0.2467650373,"24":0.2537513785,"25":0.2523465851,"26":0.2452529014,"27":0.2042200592,"28":0.2039417273,"29":0.2275140203,"30":0.2374275386,"31":0.244119351,"32":0.2468438899,"33":0.2465624973,"34":0.2489206968,"35":0.2514761679,"36":0.2489073853,"37":0.2517793053,"38":0.2495704214,"39":0.2534189019,"40":0.2529034007,"41":0.2521002203,"42":0.2535236846,"43":0.2527569318,"44":0.251696293,