{"epochs":{"0":1,"1":2,"2":3,"3":4,"4":5,"5":6,"6":7,"7":8,"8":9,"9":10,"10":11,"11":12,"12":13,"13":14,"14":15,"15":16,"16":17,"17":18,"18":19,"19":20,"20":21,"21":22,"22":23,"23":24,"24":25,"25":26,"26":27,"27":28,"28":29,"29":30,"30":31,"31":32,"32":33,"33":34,"34":35,"35":36,"36":37,"37":38,"38":39,"39":40,"40":41,"41":42,"42":43,"43":44,"44":45,"45":46,"46":47,"47":48,"48":49,"49":50,"50":51,"51":52,"52":53,"53":54,"54":55,"55":56,"56":57,"57":58,"58":59,"59":60,"60":61,"61":62,"62":63,"63":64,"64":65,"65":66,"66":67,"67":68,"68":69,"69":70,"70":71,"71":72,"72":73,"73":74,"74":75,"75":76,"76":77,"77":78,"78":79,"79":80,"80":81,"81":82,"82":83,"83":84,"84":85,"85":86,"86":87,"87":88,"88":89,"89":90},"loss":{"0":21.5655860901,"1":16.2050170898,"2":15.6211051941,"3":15.30991745,"4":15.1032762527,"5":14.9405822754,"6":14.8245162964,"7":14.7154445648,"8":14.6204175949,"9":14.5132694244,"10":14.4506187439,"11":14.3771286011,"12":14.3206691742,"13":14.2329368591,"14":14.1875247955,"15":14.1142578125,"16":14.071644783,"17":14.0064849854,"18":13.9535188675,"19":13.8839950562,"20":13.8434009552,"21":13.7983875275,"22":13.7557420731,"23":13.6949663162,"24":13.6560182571,"25":13.5964603424,"26":13.54890728,"27":13.5151205063,"28":13.477481842,"29":13.4520778656,"30":13.4144945145,"31":13.3664236069,"32":13.3214864731,"33":13.3010091782,"34":13.2370071411,"35":13.2037687302,"36":13.1891098022,"37":13.1372900009,"38":13.1149158478,"39":13.0549669266,"40":13.0284404755,"41":13.0135765076,"42":12.959941864,"43":12.9382038116,"44":12.9018716812,"45":12.8759222031,"46":12.8450593948,"47":12.8131971359,"48":12.7847890854,"49":12.7462282181,"50":12.6502971649,"51":12.639330864,"52":12.6322183609,"53":12.6129693985,"54":12.6124992371,"55":12.5940685272,"56":12.5851097107,"57":12.5909633636,"58":12.5547904968,"59":12.5677223206,"60":12.5718193054,"61":12.5643796921,"62":12.5497875214,"63":12.5183830261,"64":12.5309839249,"65":12.5353879929,"66":12.5140104294,"67":12.4993944168,"68":12.4910097122,"69":12.4919652939,"70":12.4921989441,"71":12.4772119522,"72":12.4855499268,"73":12.4723548889,"74":12.4663200378,"75":12.43663311,"76":12.4510354996,"77":12.4371604919,"78":12.4363803864,"79":12.4331140518,"80":12.4214611053,"81":12.430639267,"82":12.3899154663,"83":12.4042434692,"84":12.3995609283,"85":12.3640565872,"86":12.3868761063,"87":12.3561220169,"88":12.360200882,"89":12.3526554108},"val_loss":{"0":26.1491622925,"1":24.6207447052,"2":24.0638065338,"3":23.770160675,"4":23.6249485016,"5":23.5971240997,"6":23.6430778503,"7":23.6787567139,"8":23.7755069733,"9":24.040102005,"10":24.128610611,"11":24.3418159485,"12":24.6845817566,"13":24.8479957581,"14":25.1057510376,"15":25.4794044495,"16":25.7382297516,"17":26.2326335907,"18":26.5170764923,"19":26.8267593384,"20":27.1885299683,"21":27.2323818207,"22":28.0452861786,"23":28.4974498749,"24":29.0100650787,"25":28.854265213,"26":29.2250118256,"27":29.7807159424,"28":30.0111370087,"29":30.4909381866,"30":31.1906433105,"31":31.4764232635,"32":32.0570259094,"33":31.3989715576,"34":32.9145011902,"35":32.1843299866,"36":33.1483154297,"37":33.2530097961,"38":33.4210395813,"39":34.021446228,"40":34.489440918,"41":33.8924789429,"42":34.8690414429,"43":35.2714576721,"44":35.0006446838,"45":35.9584197998,"46":36.5204925537,"47":36.6808776855,"48":36.7613487244,"49":36.9137878418,"50":37.3152732849,"51":37.4665222168,"52":37.5618133545,"53":37.7331352234,"54":37.8695259094,"55":37.8031959534,"56":38.0265731812,"57":37.8836784363,"58":38.0460968018,"59":38.0701599121,"60":38.2871704102,"61":38.1206207275,"62":38.4462966919,"63":38.2497062683,"64":38.2963409424,"65":38.4813423157,"66":38.5005378723,"67":38.6328659058,"68":38.6497192383,"69":38.8420715332,"70":38.9065246582,"71":38.8489990234,"72":38.9479179382,"73":38.91847229,"74":39.0699539185,"75":39.0795059204,"76":39.1271476746,"77":39.1265792847,"78":39.3609886169,"79":39.3810539246,"80":39.3552589417,"81":39.6064186096,"82":39.5293388367,"83":39.6424865723,"84":39.6186180115,"85":39.8793754578,"86":39.8264045715,"87":39.7976608276,"88":39.6885528564,"89":39.9477539062}}